100,Williams,Liam,1985-09-15
101,Johnson,Olivia,1994-07-21
102,Smith,Noah,1988-03-10
103,Brown,Emma,1979-12-05
104,Jones,Lucas,1998-11-18
105,Garcia,Ava,1982-06-25
106,Miller,Mia,1996-02-09
107,Davis,Ethan,1989-10-31
108,Rodriguez,Isabella,1977-08-14
109,Martinez,Oliver,2000-04-02
110,Hernandez,Sophia,1993-01-28
111,Lopez,Aiden,1987-09-23
112,Gonzalez,Amelia,1975-07-17
113,Wilson,Liam,1981-05-10
114,Anderson,Harper,1997-02-03
115,Thomas,Evelyn,1984-11-27
116,Taylor,Elijah,1995-10-20
117,Lee,Charlotte,1986-08-13
118,Harris,Michael,1978-06-06
119,Martin,Abigail,1992-03-30
120,Clark,Samuel,1980-01-23
121,Rodriguez,Sofia,1973-11-16
122,Lewis,Evelyn,1989-09-09
123,Lee,Liam,1999-07-03
124,Walker,Avery,1982-04-27
125,Hall,Grace,1991-02-19
126,Allen,James,1976-12-14
127,Young,Scarlett,1987-10-08
128,Hernandez,Zoe,1993-07-02
129,King,Daniel,1985-04-25
130,Wright,Chloe,1997-01-18
131,Ward,Jackson,1981-11-11
132,Mitchell,Victoria,1979-09-05
133,Adams,Leo,1995-06-29
134,Turner,Naomi,1984-03-23
135,Perez,Lucas,1972-12-17
136,Martinez,Grace,1988-10-11
137,Smith,Aria,2000-08-05
138,Gonzalez,Julian,1992-05-28
139,Campbell,Layla,1986-03-22
140,Miller,Adam,1974-01-15
141,Harris,Stella,1998-11-08
142,Martin,Aiden,1980-08-02
143,Thompson,Ava,1994-05-26
144,Young,Liam,1982-03-20
145,Walker,Lily,1996-01-13
146,White,Lincoln,1977-11-06
147,Moore,Aria,1989-08-30
148,Thomas,Ethan,1971-06-23
149,Wright,Ella,1991-04-16
150,Turner,Eli,2001-02-09
151,Scott,Chloe,1983-12-04
152,Harris,Evelyn,1999-09-28
153,Clark,Owen,1985-07-22
154,King,Ellie,1993-05-15
155,Williams,William,1975-03-09
156,Garcia,Victoria,1988-12-02
157,Lopez,Ella,1980-09-26
158,Adams,Nathan,1996-07-20
159,Hall,Sophia,1982-05-13
160,Perez,Lucas,1970-03-06
161,Anderson,Lily,1984-12-30
162,Ward,Avery,1992-10-23
163,Brown,Scarlett,1986-08-17
164,Miller,Lincoln,1998-06-10
165,Moore,Eva,1981-04-03
166,Garcia,James,1995-01-28
167,Johnson,Layla,1977-11-21
168,Smith,Oliver,1989-09-14
169,Wilson,Ava,1973-07-08
170,Thomas,Emma,1991-05-02
171,Martin,Max,1983-02-24
172,Turner,Sofia,1997-12-18
173,Jackson,Liam,1985-10-12
174,Lee,Aria,1980-08-06
175,Harris,Jack,1994-05-31
176,Walker,Nora,1976-03-24
177,White,Zoe,1988-01-17
178,Thompson,Emma,2000-11-10
179,Clark,Eli,1992-09-03
180,King,Samuel,1978-06-27
